comparison,iterations,observed_macro_f1_difference,ci95_low,ci95_high,bootstrap_p_two_sided
hybrid_quantum_svm_fusion_vs_tfidf_linear_svm,2000,0.007078709085238,-0.009416855160184343,0.022909387341285427,0.407
hybrid_quantum_svm_fusion_vs_tfidf_logistic_regression,2000,0.0009641550923994435,-0.021674018438780952,0.022319679979931378,0.982
hybrid_quantum_svm_fusion_vs_quantum_contrastive_projection,2000,0.0815813521652472,0.033012384495698884,0.12502102304456203,0.0
