model,micro_f1,macro_f1,weighted_f1,hamming_loss,lrap,threshold_mean
hybrid_quantum_svm_fusion_pl,0.6137871863807399,0.5774667150546835,0.6392475574085201,0.10096004473994906,0.8075301675331582,0.47363636363636363
tfidf_linear_svm,0.6085012342864511,0.5639856195856072,0.6360878501365946,0.10574473373516435,0.8056371842632952,0.4490909090909091
tfidf_logistic_regression,0.6148859597627264,0.559701471114966,0.6194597443644184,0.09689927297582801,0.7989840673111352,0.4472727272727274
