model,accuracy,macro_f1,micro_f1,weighted_f1
majority_baseline,0.21933085501858737,0.03270509977827051,0.21933085501858737,0.07890561247619911
tfidf_logistic_regression,0.7100371747211895,0.6743648434448072,0.7100371747211895,0.7067457737269932
quantum_inspired_projection,0.6914498141263941,0.6820765930600858,0.6914498141263941,0.6927180353741055
