model,accuracy,macro_f1,micro_f1,weighted_f1
majority_baseline,0.24050632911392406,0.03525046382189239,0.24050632911392406,0.09325755618703177
tfidf_logistic_regression,0.689873417721519,0.6343866832649772,0.689873417721519,0.6783197305494985
quantum_inspired_projection,0.7025316455696202,0.674756363650697,0.7025316455696202,0.6966756722582156
