model,accuracy,macro_f1,micro_f1,weighted_f1
majority_baseline,0.18018018018018017,0.03053435114503817,0.18018018018018017,0.05501684890997868
tfidf_logistic_regression,0.7297297297297297,0.6998332929367412,0.7297297297297297,0.7277425997836063
quantum_inspired_projection,0.7207207207207207,0.6885922357372135,0.7207207207207207,0.7160039807738967
